name,artist,Dimen_Product,price,views,favourites,date,subject,medium,orientation,no of followers,no of exibitions and events,artworks
Venezia,Ingrid Osternack,10324,3750,128,0,4/4/2017,Bike,Acrylic,Portrait,0,,9
October (Annum),SC Durkin,774.54,1790,184,0,4/4/2017,Bike,Acrylic,Portrait,5,8,33
the cyclist,stefanos folinas,2400,460,80,1,4/4/2017,Bike ,Acrylic,Portrait,1,8,3
Blossom Bonsai,Amanda Krantz,2880,4000,719,13,4/4/2017,Botanic,Acrylic,Portrait,288,14,53
untitled,Anke Peters,938.49,2850,319,7,4/4/2017,Botanic,Acrylic,Portrait,6,14,32
The Ugly Duckling,Sabrina J Squires,1103.3,2410,352,24,4/4/2017,Botanic,Acrylic,Portrait,153,25,77
tulips 2,Hannah Stapleton,1099.98,990,301,3,4/4/2017,Nature,Charcoal,Landscape,1,,32
The Mountain - Triptychon,Elisabeth Dostert,743.4,2190,10,0,4/4/2017,Nature,Charcoal,Landscape,1,3,15
AsphaltFlower,Harry Bernard,432,5360,76,0,4/4/2017,Nature,Charcoal,Landscape,9,,39
Against Elements,Marijah Bac Cam,480,2800,2040,84,4/4/2017,Nature,Charcoal,Portrait,833,42,286
Monstera Cut-out,Jelly Chen,743.4,1500,79,10,4/4/2017,Botanic,Acrylic,Portrait,54,,77
Bee Lessons,Fena Gonzalez,14.2,5210,339,3,4/4/2017,Botanic,Acrylic,Portrait,1,4,11
Komorebi,viktorija bulava,256,6500,49,0,4/4/2017,Nature,Charcoal,Portrait,0,,5
The Last Leaves Of Summer,Meredith Nemirov,8.8,4910,34,0,4/4/2017,Nature,Charcoal,Portrait,2,6,23
Orgy,andres montoya,97.94,2750,38,0,4/4/2017,Nature,Charcoal,Portrait,35,18,58
Skipping Stones #1,Jeanette Lafontine,781.16,4510,23,2,4/4/2017,Nature,Charcoal,Portrait,7,15,35
Jardin dHiver,Marijah Bac Cam,208.86,5350,413,6,4/4/2017,Nature,Charcoal,Portrait,833,42,286
Nostalgie III,Tom Pazderka,28.26,3350,573,79,4/4/2017,Nature,Charcoal,Portrait,93,14,30
Nostalgie IV,Tom Pazderka,97.94,3350,27,1,4/4/2017,Nature,Charcoal,Square,93,14,30
Dynamo I: Nine Blackbirds,Zach Taylor,44.37,1190,38,0,4/4/2017,Nature,Charcoal,Square,0,2,6
Winter,Charlene Shih,388.09,185,77,7,4/4/2017,Nature,Charcoal,Square,1,18,17
No worries,Charlene Shih,1552.36,185,24,0,4/4/2017,Nature,Charcoal,Square,1,18,17
5 DAYS,Dumitrache Ciprian,97.11,440,824,4,4/4/2017,Business,Acrylic,Landscape,86,9,105
croatians woman,Jeanne Bensoussan,320,3250,226,1,4/4/2017,Business,Acrylic,Landscape,0,8,12
A Crash in the Drive-Thru,Stephen Austin,1859.68,450,111,0,4/4/2017,Business,Acrylic,Landscape,4,3,18
Sony Reel to Reel Player on Lt. Gray,Wyatt McDill,3953.79,560,68,0,4/4/2017,Business,Acrylic,Landscape,1,,5
Sweet Fountain,Alfonso Beleno,144,4050,46,0,4/4/2017,Culture,Color,Landscape,0,6,2
Ugly,Liliia Tatarinova,68.89,140,7,1,4/4/2017,Culture,Color,Landscape,1,,11
Autonomie,Astrid Esslinger,720,2190,190,6,4/4/2017,Culture,Acrylic,Square,38,23,20
Luau Show,Christina Keith,432,430,167,4,4/4/2017,Culture,Acrylic,Square,12,,15
Peer-to-Peer: Alexey,Aleksandra Laika,576,3350,562,4,4/4/2017,Culture,Acrylic,Square,53,,17
oh boy,Chantal van Houten,62.41,879,1157,14,4/4/2017,Culture,Acrylic,Square,209,14,102
Endangered Species,Andy Cumming,1859.68,330,762,25,4/4/2017,Culture,Acrylic,Square,308,29,61
The History of the Future,David Holcomb,1024,205,523,4,4/4/2017,Culture,Acrylic,Square,97,7,117
We come in different shapes and sizes,Ibrahim-dada Disu,800,3450,522,2,4/4/2017,Culture,Acrylic,Square,55,,46
Mandala of joy,Misia Konopka,1165.22,1290,585,2,4/4/2017,Culture,Acrylic,Square,41,50,49
Well welcome,Helen Dryden,1620,340,136,2,4/4/2017,Culture,Acrylic,Square,18,44,126
Eket2_2014,DAAM LO,191.09,240,137,3,4/4/2017,Culture,Acrylic,Square,9,,46
Lighthouse Beach,Tatjana Logatcheva,792.12,2750,66,1,4/4/2017,Beach,Textile,Landscape,1,5,26
A Mediterranean Nocturne,Tatjana Logatcheva,1152,2900,93,2,4/4/2017,Beach,Textile,Landscape,1,5,26
Barcelona,Christina Keith,36,2640,1004,26,4/4/2017,Beach,Acrylic,Landscape,12,,15
Beach Brellies Candy Stripes,Tara Funk Grim,1200,3050,400,14,4/4/2017,Beach,Acrylic,Landscape,6,,6
The Sea,ann gricman,194.7,6550,242,12,4/4/2017,Beach,Acrylic,Landscape,9,13,17
Front de mer,Caroline de Piedoue,790.6,3650,1206,27,4/4/2017,Beach,Acrylic,Landscape,17,7,25
Spiaggia di notte,Majo H Portugal,584.79,1450,508,19,4/4/2017,Beach,Acrylic,Landscape,4,,13
surfing,Olesia Lishaieva,185.26,1750,437,29,4/4/2017,Beach,Acrylic,Landscape,115,,33
Something About The Sea,Julia DiSano,1552.36,2685,56,2,4/4/2017,Beach,Acrylic,Landscape,5,17,14
Vacations at a sea,Kristel Tatiana Nadvornaia,320,1990,10,0,4/4/2017,Beach,Acrylic,Landscape,6,,95
Cliffside Laguna,Ann Marie Coolick,76.38,1990,111,0,4/4/2017,Beach,Acrylic,Landscape,245,51,255
Four ships,Slikar Dusan D Petrovic,320,6350,85,0,4/4/2017,Beach,Acrylic,Landscape,1,2,17
Quiet,David Morico,1087.44,2640,160,4,4/4/2017,Beach,Acrylic,Landscape,15,3,23
Lighthouse Beach,Tatjana Logatcheva,4320,2750,67,1,4/4/2017,Beach,Acrylic,Landscape,1,5,26
A Mediterranean Nocturne,Tatjana Logatcheva,432,2900,94,2,4/4/2017,Beach,Acrylic,Landscape,1,5,26
Freedom Bondage,Shabbir Loynmoon,164.92,1490,48,1,4/4/2017,Nature,Charcoal,Portrait,0,,8
Spring circle of life,Christine Callum McInally,263.98,755,247,0,4/4/2017,Nature,Charcoal,Portrait,2,9,26
Roses,Shabana Godhrawala,111.02,1140,58,0,4/4/2017,Nature,Charcoal,Portrait,8,,53
Mountains Line,Olga Antonova,543.72,145,657,35,4/4/2017,Nature,Acrylic,Landscape,15,,24
C.E.R.N. WITHIN,Leo Kadele,3014.9,13000,5093,66,4/4/2017,Science/Technology,Acrylic,Landscape,149,21,27
Motherboard of Betrayal,Leo Kadele,743.4,16000,280,3,4/4/2017,Science/Technology,Acrylic,Landscape,149,21,27
Thumbing Earth,Hans Mayta,3492.81,4410,288,0,4/4/2017,Science/Technology,Acrylic,Portrait,0,,9
Acrobats,Slikar Dusan D Petrovic,900,13700,71,0,4/4/2017,Beach,Acrylic,Landscape,1,2,17
Beach at Washington Oaks State Park FL,Julianne Felton,6508.49,1750,173,0,4/4/2017,Beach,Acrylic,Landscape,12,17,52
Wild horizon,Kristel Tatiana Nadvornaia,683.54,1990,11,0,4/4/2017,Beach,Acrylic,Landscape,6,,95
Ichcha,Sabir Haque,62.56,2587,7,0,4/4/2017,Beach,Acrylic,Landscape,2,,12
Corrientes,Miquel Wert,110.4,2750,236,1,4/4/2017,Beach,Acrylic,Landscape,179,58,50
Edge of Paradise 2,Julianne Felton,720,3050,284,0,4/4/2017,Beach,Acrylic,Landscape,12,,52
Dreams,muriel boer,1118.25,1690,212,0,4/4/2017,Beach,Acrylic,Landscape,21,5,36
Sante,George Brinner,185.26,4210,126,3,4/4/2017,Beach,Acrylic,Landscape,13,28,32
Sea,Robert Schmid,1670.88,4910,227,2,4/4/2017,Beach,Acrylic,Landscape,51,24,33
Definition of Light 2,Mark Fearn,1716.54,1940,299,1,4/4/2017,Beach,Acrylic,Landscape,256,2,1617
U.S. Open,Ariel Lockshaw,1618.96,3150,227,10,4/4/2017,Architecture,Paint,Square,49,21,12
Via Veneto,Lisa Reindorf,80,1105,27,0,4/4/2017,Architecture,Paint,Square,2,28,19
Abbey,Fonz Xochicotta,1087.44,740,161,0,4/4/2017,Architecture,Paint,Square,0,,33
esqueletos,Felipe Vásquez,394.46,2610,53,2,4/4/2017,Science/Technology,Acrylic,Portrait,1,,2
Breaking Through to the Keeler Gap,Mark Charlton,246.49,2950,273,24,4/4/2017,Science/Technology,Color,Landscape,30,,8
The Jovian Approach,Mark Charlton,388.09,2950,115,5,4/4/2017,Science/Technology,Color,Portrait,30,,8
red ship,Stamatis Pavlis,432,3250,130,0,4/4/2017,Boat,Color,Portrait,6,2,16
NOWHERE MAN,WARREN WRIGHT,2864.62,1350,160,0,4/4/2017,Celebrity,Ink,Square,1,,43
UNTITLED 5,Person Justin,365.5,1690,31,0,4/4/2017,Celebrity,Ink,Square,2,17,10
LEspagnol (The Spaniard),Michel Carmantrand,320,1300,104,0,4/4/2017,Celebrity,Ink,Square,23,33,140
The star of glory,Kiril Katsarov,2789.52,1910,193,0,4/4/2017,Celebrity,Ink,Square,22,14,60
elena bonham carter,yossi kotler,743.4,1640,2033,39,4/4/2017,Celebrity,Ink,Portrait,418,10,432
bonham carter,yossi kotler,1296,1540,1566,9,4/4/2017,Celebrity,Ink,Portrait,418,10,432
samba,yossi kotler,1200,1590,1114,7,4/4/2017,Celebrity,Ink,Portrait,418,10,432
charlotte,yossi kotler,683.55,1640,924,5,4/4/2017,Celebrity,Ink,Portrait,418,10,432
Against Time,Corradino Janigro,1200,850,48,1,4/4/2017,Celebrity,Ink,Portrait,0,,1
Venere Botticelli,roberto guarnieri,1044.3,4050,234,0,4/4/2017,Celebrity,Ink,Portrait,2,,14
Backyard,Karen Salem,2017.28,2410,160,0,4/4/2017,Celebrity,Ink,Portrait,32,6,62
Changes,Preston M Smith PMS,740.25,3460,963,21,4/4/2017,Celebrity,Ink,Portrait,478,38,278
Fashion possible,apang balakosa,648,1210,322,4,4/4/2017,Fashion,Acrylic,Portrait,11,16,11
GOLF PLAYER,Massimo Onnis,4320,16000,109,1,4/4/2017,Fashion,Acrylic,Portrait,10,2,38
NAMiBE,Carlos Romano,576,2190,10,0,4/4/2017,Fashion,Acrylic,Portrait,3,2,22
Kate Moss in Christian Dior jewels,Inga Gurvich,110.92,34000,34,0,4/4/2017,Fashion,Acrylic,Portrait,0,,1
Black and White,Kamille Saabre,62.41,3400,778,15,4/4/2017,Floral,Acrylic,Landscape,77,40,87
Flowersun,Isabelle Pelletane,900,3800,733,32,4/4/2017,Floral,Acrylic,Landscape,195,16,142
tulipes,Françoise Arbelot,185.26,2250,251,1,4/4/2017,Floral,Acrylic,Landscape,0,,21
Light and Darkness,Kamille Saabre,5793.54,3550,832,4,4/4/2017,Floral,Acrylic,Landscape,77,40,87
flower landscape,Pavlina Jana Lörinczova,1200,7000,66,0,4/4/2017,Floral,Acrylic,Landscape,0,5,4
lily black,Ilze Aulmane,1552.36,,81,0,4/4/2017,Floral,Acrylic,Landscape,1,,15
sisters wedding painting- frangipani,jenniffer waters,1162.3,660,92,4,4/4/2017,Floral,Acrylic,Landscape,0,4,36
Dancing Tulips,Betty Jonker,1728,5050,120,2,4/4/2017,Floral,Acrylic,Landscape,1,,7
Karl with apples,Misha and Nastasja Mishinsky,1152,11000,468,2,4/4/2017,Fish,Oil,Landscape,56,2,58
Fish Family 2,Ramona Romanu,705.64,6450,62,0,4/4/2017,Fish,Oil,Landscape,36,17,35
Over the ocean,Anatolii Varvarov,1080,,382,5,4/4/2017,Fish,Oil,Landscape,40,50,125
The Epitome of Anvil Floating,Janavi M Folmsbee,320,5050,49,0,4/4/2017,Fish,Oil,Landscape,0,2,10
Fishermen,Valeriya Tarasenko,271.86,1540,74,0,4/4/2017,Fish,Oil,Landscape,15,37,63
Big Mackerel,Lex Grote,309.29,6900,143,1,4/4/2017,Fish,Oil,Landscape,0,1,15
Joss. Autumn leaves dancing on the river.,MARIANA KALACHEVA,116.48,6050,37,0,4/4/2017,Love,Fabric,Landscape,0,41,3
expressions of love,alfred villa,864,5410,22,0,4/4/2017,Love,Fabric,Portrait,0,,3
girl in black,tony lin,385,190,41,0,4/4/2017,Love,Enamel,Portrait,0,,18
Milonga de amor,Estela Galez,370.52,840,229,7,4/4/2017,Love,Enamel,Landscape,5,17,30
A Rose By any other Name,Sw Rand,743.4,260,814,17,4/4/2017,Love,Spray Paint,Landscape,12,,16
We should be lovers,Julie Sarloutte,285.42,760,421,1,4/4/2017,Love,Textile,Landscape,10,16,6
Urban jungle,Chehade Chehade,600,1990,862,23,4/4/2017,Graffiti,Oil,Portrait,26,24,18
A PERFECT DAY,morena beltrami,600,2190,173,4,4/4/2017,Graffiti,Spray Paint,Landscape,15,8,8
Climate change,Ruth Soria,810,3000,71,1,4/4/2017,Graffiti,Spray Paint,Portrait,4,,45
The Street Market,Jess Olorenshaw aka Déjez,1026,12000,35,0,4/4/2017,Graffiti,Pencil,Landscape,7,9,7
In Search Of Peace,Daggi Wallace,877.92,8500,17,1,4/4/2017,Graffiti,Watercolor,Landscape,32,41,28
life is going on,Natia Aduashvili,743.4,11000,122,0,4/4/2017,Graffiti,Watercolor,Square,6,,105
The Many Faces of Dobladore,Jon Stucky,720,4200,241,12,4/4/2017,Graffiti,Charcoal,Portrait,31,,101
Captain old boat shipyard,Stamatis Pavlis,651.36,12500,552,1,5/4/2017,Boat,Color,Portrait,6,2,16
old hull,Stamatis Pavlis,432,14000,1675,2,5/4/2017,Boat,Color,Portrait,6,2,16
BOAT PSAROU SHIPYARD,Stamatis Pavlis,816.64,9550,241,1,5/4/2017,Boat,Color,Portrait,6,2,16
sank boat,pechane sumie,285.42,340,33,0,5/4/2017,Boat,Ink,Portrait,37,,417
Boats,Carlos Martín,432,510,1433,21,5/4/2017,Boat,Ink,Portrait,280,2,105
docked,Charlotte Evans,543.72,1990,1047,21,5/4/2017,Boat,Oil,Portrait,1418,59,89
Glass of lemonade,Anatoliy Rozhansky,432,1440,11,2,5/4/2017,Body,Oil,Portrait,3,,12
Scraps 29(of Murano glass),Silvana Abram,285.42,1140,233,0,5/4/2017,Recycle,3D Sculpting,Portrait,74,11,189
Portrait of Helena Glass,C W Ingraham,386.4,560,1341,8,5/4/2017,Body,Acrylic,Square,13,,36
Scraps 37,Silvana Abram,464.92,1140,266,0,5/4/2017,Recycle,3D Sculpting,Portrait,74,9,189
Sail Out - The Little ,Wolfgang Schmidt,743.4,650,59,7,5/4/2017,Travel,Gel Pen ,Portrait,617,,70
stop it,louisa nicoll,66.74,660,992,5,5/4/2017,Kids,Oil,Portrait,3,0,3
From The Gumball Machine - Un-Break My Heart,Wolfgang Schmidt,144,2340,2208,1,5/4/2017,Love,Acrylic,Landscape,617,,70
The Dysnomia The 20th Century - Assertion:  Bogey  Humphrey Bogart,Wolfgang Schmidt,2973.6,650,1018,18,5/4/2017,Culture,Gel Pen,Portrait,617,,70
Abstract Gaia IV,Marko Humphrey-Lahti,44.37,1640,164,5,5/4/2017,Abstract,3D Sculpting,Portrait,32,14,28
Still life with cobalt blue vase and red apple,Jasmine Diez,388.09,1290,911,15,5/4/2017,Abstract,Oil ,Square,30,2,22
o.T.,Jasmine Diez,1552.36,4410,271,3,5/4/2017,Women,Acrylic,Square,30,2,22
Realism Study No. 3,Joseph DeCommer,320,981,1844,44,5/4/2017,Women,Oil,Portrait,32,22,15
Meret Becker,Jan F Welker,3953.79,10350,677,1,5/4/2017,Celebrity,Acrylic,Portrait,79,60,68
Me Untitled,Kristen Bombeck,144,695,541,18,5/4/2017,Women,Oil,Square,9,,2
Untitled,Leonardo Soto Calquín,68.89,880,1296,106,5/4/2017,Women,Oil,Square,29,17,5
Plenitude,Sonia Roseval,720,2190,7,0,5/4/2017,Floral,Acrylic,Portrait,1,28,25
Small Birds Study No.3 (or And then they wondered some more),Sara Richardson,432,950,20,1,5/4/2017,Nature,Oil,Landscape,27,9,82
Dont Forget,Tomasz Brzezinski,576,830,36,0,5/4/2017,Women,Watercolor,Square,3,,8
Timeless,Parscha Mirghawameddin,62.41,145,579,2,5/4/2017,Abstract,Acrylic,Square,238,7,329
Too small so she could collect all but never deplore,Ivana Dostal,1859.68,3220,28,0,5/4/2017,Nature,Acrylic,Landscape,14,4,131
Vine Leaves,Jon Phillipson Brown,191.09,1140,502,7,5/4/2017,Nature,Oil,Square,25,15,43
The Unknown Place,Belov Vladimir,792.12,5410,585,2,5/4/2017,Nature,Oil,Landscape,4,,11
Le Mot Juste,TOVEN DMK,1152,665,332,8,5/4/2017,Graffiti,Spray Paint ,Portrait,2,2,7
Black Eyed Susans - Yellow Wildflowers,Karen Whitworth,36,328,133,1,5/4/2017,Floral,Oil,Square,24,,69
Acadia Blue Dream,William Brown,1200,2750,29,0,5/4/2017,Nature,Oil,Portrait,3,,51
La Donna senza volto,AuGhi Artista Plastico,584.79,1640,134,0,5/4/2017,Women,Acrylic,Portrait,0,,4
True Vocation,Wiktoria Florek,185.26,364,227,1,5/4/2017,Culture,Acrylic,Portrait,5,12,26
SWING,GIANGRECO JEAN CLAUDE,1552.36,8700,67,0,5/4/2017,Sport,Acrylic,Square,0,3,46
Miami After-image #3,Melanie Oliva,320,960,147,1,5/4/2017,Nature,Acrylic,Landscape,67,8,20
Long Haired Tellurian / female / woman / nude / hair / watercolor / brunette,Jacqueline Gomez,76.38,202,33,3,5/4/2017,Women,Watercolor ,Portrait,30,10,29
design6 16x20,Ron Halfant,320,260,191,1,5/4/2017,Abstract,Acrylic,Portrait,57,,110
I let her go,Konstantinos Theocharopoulos,1087.44,450,80,0,5/4/2017,Women,Acrylic,Portrait,2,,105
scarlet letter or heretics confession,david sutton,4320,6750,40,0,5/4/2017,Religion,Acrylic,Landscape,3,,77
The pull,Simi Stone,432,700,17,0,5/4/2017,Women,Pastel,Portrait,0,2,24
Beautiful Losses,Richard Augustin,164.92,1990,127,2,5/4/2017,Culture,Oil,Portrait,9,57,45
Owls Insomnia,Wojciech Pater,263.98,609,102,1,5/4/2017,Nature,Oil,Landscape,1,1,21
Girl with Earrings,Ewa Ludwiczak,111.02,185,1505,34,5/4/2017,Women,Watercolor,Portrait,85,,53
Morning Highlights,Livia Geambasu,543.72,1640,430,11,5/4/2017,Science/Technology,Oil,Portrait,5,14,12
Queueing for museum,Sanja Milenkovic,3014.9,4500,151,1,5/4/2017,Culture,Acrylic,Landscape,110,27,21
Alice,andrea chisesi,743.4,6550,1188,32,5/4/2017,Kids,Acrylic,Portrait,57,10,22
GOLD SOUL screen,Polina Ogiy,3492.81,16000,488,24,5/4/2017,Nature,Oil,Square,72,10,154
Dame lo.,DIANA ROIG,6508.49,10650,399,18,5/4/2017,Abstract,Oil,Landscape,565,37,85
an ordinary person,Jeong Ah Lim,683.54,1440,354,10,5/4/2017,Body,Acrylic,Portrait,123,,69
no title,Carmen Bolanos,62.56,345,14,4,5/4/2017,Society,Acrylic,Portrait,0,,3
Table,Alexander Dodon,110.4,4410,32,6,5/4/2017,Interiors,Oil,Portrait,9,31,54
Spring of Tears,Christina Ilene Thomas,720,1590,599,32,5/4/2017,Nature,Acrylic,Landscape,359,57,35
red umbrella,HYZHY OLEH,1118.25,5410,818,27,5/4/2017,Women,Oil,Portrait,106,8,65
Next Year,Owen Normand,185.26,1340,2232,52,5/4/2017,Women,Oil,Portrait,283,15,105
Transitory presence,Agnes Szikra,1670.88,3850,1726,84,5/4/2017,Nature,Oil,Portrait,187,24,60
Directions 15,Stefania Puntaroli,1716.54,2750,863,10,5/4/2017,Animal,Oil,Portrait,69,69,113
at the red cafe,Ezzaldin Shahrori,1618.96,1840,652,33,5/4/2017,Man,Acrylic,Portrait,157,9,565
Ursus 14,Will Eskridge,80,145,320,14,5/4/2017,Animal,Spray Paint,Portrait,41,40,154
Big fish,Andrea Radai,1087.44,5310,287,8,5/4/2017,Men,Oil,Portrait,91,57,48
Bush,Liam Symes,394.46,920,779,18,5/4/2017,Celebrity,Oil,Portrait,110,10,49
Girl by a Window (Portrait Study),Guido Mauas,246.49,660,1032,23,5/4/2017,Women,Oil,Square,217,14,128
Spielpause (hands of my wonderful daughter),Rosel Marci,388.09,710,110,5,5/4/2017,Children,Oil,Square,19,17,23
A Long Travel,Chin h Shin,432,1990,2475,90,5/4/2017,Travel,Oil,Portrait,739,5,116
Leçon (Lesson) (series Tired Ghosts),Philippe Brunaud,2864.62,3750,1276,24,5/4/2017,Culture,Oil,Landscape,150,34,52
Mr. Chow,Gregg Chadwick,320,1640,4078,40,5/4/2017,Women,Oil,Portrait,392,13,84
Everlasting Valentines Days flowers (Spring in Provence),Per Anders,2789.52,2750,432,33,5/4/2017,Love,Acrylic,Landscape,240,7,106
Dont,Donatella Marraoni,743.4,1690,1460,13,5/4/2017,Love,Oil,Portrait,186,48,381
Dash Snow,Fiona Maclean,1296,1850,2008,20,5/4/2017,Men,Oil,Square,646,34,232
Promontory,Robert Kato,1200,4150,106,6,5/4/2017,Abstract,Acrylic,Portrait,4,5,14
Picture postcard,Maarten van den Bos,683.55,1390,716,20,5/4/2017,Abstract,Acrylic,Portrait,243,22,60
Tu me manques,Khalid Alzayani,1200,1100,2036,18,5/4/2017,Wall,Acrylic,Landscape,276,2,95
Rainy London,Evgeniia Samoilenko,1044.3,940,17,0,5/4/2017,Architecture,Color,Landscape,0,,10
Optical Resonance,Cécile van Hanja,2017.28,4100,723,54,5/4/2017,Architecture,Acrylic,Landscape,690,31,120
David Bowie,Sir Peter Polyak,740.25,14150,494,2,5/4/2017,Celebrity,Color,Portrait,2,81,10
Sweet Marilyn,JAGA ART,648,840,51,0,5/4/2017,Celebrity,Color,Portrait,33,,6
Jimi Hendrix,Porschea Kendall,4320,4080,169,1,5/4/2017,Celebrity,Color,Portrait,26,,52
Rosa Parks,Ezshwan Winding,576,1990,725,2,5/4/2017,Celebrity,Wax,Square,49,6,115
Michael,raphael zelfa,110.92,410,147,1,5/4/2017,Celebrity,Wax,Portrait,34,7,133
Al Pacino portrait,Laur Iduc,62.41,710,219,1,5/4/2017,Celebrity,Watercolor,Square,4,,29
Crow Egg Wood Rose Water (from the Wisdom Series),Anna Jaap,900,4350,300,6,5/4/2017,Botanic,Charcoal,Square,10,12,19
Traveller Flowers,Wioletta Gancarz,185.26,135,335,1,5/4/2017,Botanic,Charcoal,Portrait,4,,61
Four Dogs,Erik Bendix,5793.54,9850,389,0,5/4/2017,Cartoon,Oil,Landscape,22,29,13
1990s,Scott Benites,1200,850,170,6,5/4/2017,Cartoon,Oil,Portrait,148,12,61
Sloth – one of the seven,Daria Bagrintseva,1552.36,14500,506,5,5/4/2017,Technology,Acrylic,Square,204,15,253
Package bomb,Alessandro Di Vicino Gaudio,1162.3,1690,22,0,5/4/2017,Technology,Acrylic,Portrait,0,27,4
Information Age,Mark Mitchell,1728,12500,154,2,5/4/2017,Technology,Acrylic,Portrait,40,27,31
Crush Kill Destroy,Mark Mitchell,1152,6950,71,0,5/4/2017,Technology,Acrylic,Portrait,40,27,31
The Destroyer,Jorge Torres,705.64,1640,216,1,5/4/2017,Technology,Acrylic,Portrait,14,3,7
Capacity,Jenn Ashton,1080,1690,370,4,5/4/2017,Technology,Acrylic,Portrait,72,18,121
Art of Refinement,Tom Shropshire,320,1340,967,7,5/4/2017,Technology,Acrylic,Landscape,109,10,89
Direct transmission,Goran Ristic,271.86,6550,294,2,5/4/2017,Technology,Acrylic,Landscape,25,16,109
Oblivion,justine formentelli,309.29,880,1998,21,5/4/2017,Technology,Acrylic,Landscape,245,25,107
Grain to grain until collect to measuring cup... (birds learn different ways of counting the grains ...),Remigiusz Dobrowolski,116.48,200,121,2,5/4/2017,Rural Life,Watercolor,Landscape,134,12,113
Why Not?,Philip Johnson,864,935,102,1,5/4/2017,Automobile,Airbrush,Landscape,5,2,1
Extra Classic,Robert Schmid,385,1740,262,0,5/4/2017,Automobile,Airbrush,Landscape,51,24,33
Old Car,Gianluca Citi,370.52,560,920,4,5/4/2017,Automobile,Enamel,Landscape,216,13,62
Decorated Truck,Agnes Lörincz,743.4,1540,17,0,5/4/2017,Automobile,Fabric,Landscape,2,19,12
Beetle Classic IV,José Vicente Cascales Mascarell,285.42,560,54,0,5/4/2017,Automobile,Graphite,Landscape,0,1,9
W111 Coupe,Marrs Arts,600,1540,43,0,5/4/2017,Automobile,Ink,Landscape,3,,13
Aston Martin DBR9,Marrs Arts,600,1540,23,0,5/4/2017,Automobile,Marker,Landscape,3,,13
Old 2,Slava Kaz,810,1340,64,6,5/4/2017,Automobile,Oil,Landscape,47,22,34
Old 3,Slava Kaz,1026,1390,59,7,5/4/2017,Automobile,Oil,Landscape,47,22,34
Aston martin,Karl Hamilton-Cox,877.92,1820,866,1,5/4/2017,Automobile,Oil,Landscape,23,22,74
Decorated Truck,Agnes Lörincz,743.4,1540,18,0,5/4/2017,Automobile,Oil,Landscape,2,19,12
Scrapyard,Dorian Allworthy,720,9350,642,2,5/4/2017,Automobile,Oil,Landscape,39,10,87
Impression: traffic and rain,Gennaro Santaniello,651.36,1500,1581,11,5/4/2017,Automobile,Oil,Landscape,193,8,44
Dead Giveaway,Bruce Mitchell,432,980,149,1,5/4/2017,Automobile,Oil,Landscape,91,5,39
Old cadillac,Tomas Castano,816.64,3650,459,2,5/4/2017,Automobile,Oil,Landscape,116,49,267
Seat 600,José Vicente Cascales Mascarell,285.42,610,70,0,5/4/2017,Automobile,Oil,Landscape,0,1,9
Lucky,Bruce Mitchell,432,980,321,7,5/4/2017,Automobile,Oil,Landscape,91,5,39
Original oilpainting Porsche,Natalia Marinych,543.72,1285,290,0,5/4/2017,Automobile,Oil,Landscape,15,7,91
Ford,Bruce Mitchell,432,980,131,2,5/4/2017,Automobile,Oil,Landscape,91,5,39
Beetle Classic IV,José Vicente Cascales Mascarell,285.42,560,55,0,5/4/2017,Automobile,Oil,Landscape,0,1,9
India City Travel,Ram Patil,386.4,700,114,1,5/4/2017,Automobile,Oil,Landscape,8,2,13
Cadillac Coupe Deville 1957,Ivan Kriukov,464.92,280,16,1,5/4/2017,Automobile,Oil,Landscape,0,15,8
Buick,Taia Kozhanova,743.4,640,29,3,5/4/2017,Automobile,Oil,Landscape,14,,13
FEAR BECOMES THE STICK THAT UPHOLDS YOU,Lorenza Cavalli,805,2750,11,0,5/4/2017,Calligraphy,Oil,Landscape,3,25,37
Sex,DIEGO SCOLARI,66.74,255,52,3,5/4/2017,Calligraphy,Oil,Landscape,7,10,43
Gravity,Lia Zuvilivia,144,1540,471,13,5/4/2017,Calligraphy,Oil,Square,13,38,14
Isfahan II,Sasan Nasernia,2973.6,7450,19,0,5/4/2017,Calligraphy,Oil,Portrait,43,16,71
The Lemonade Stand,Anthony Dunphy,320,640,1003,0,4/14/2017,Business,Acrylic,Landscape,17,1,262
GodEye 02,Sir Peter Polyak,256,790,29,0,4/14/2017,Aerial,Acrylic,Square,2,81,10
Oh Brother I SOLD,justine formentelli,185.26,975,1291,6,4/14/2017,Children,Acrylic,Portrait,245,25,107
Drowned hair,Agnes Lörincz,93.22,660,2,0,4/14/2017,Men,Oil,Portrait,2,19,12
David Bowie,Sir Peter Polyak,740.25,14150,497,2,4/14/2017,Celebrity,Acrylic,Portrait,2,81,10
Clean Slate,justine formentelli,246.49,950,905,10,4/14/2017,Women,Acrylic,Square,245,25,107
Today for You,Robert Schmid,1551,3750,2086,45,4/14/2017,People,Acrylic,Landscape,51,24,33
Poor Boy and Noble Girl,Sir Peter Polyak,543.72,8300,455,2,4/14/2017,Children,Oil,Landscape,2,81,10
Empire State,Robert Schmid,324,2290,154,4,4/14/2017,Cities,Spray Paint,Square,51,24,33
Carefree Elephant,Karl Hamilton-Cox,587.29,1055,1112,10,4/14/2017,Animal,Acrylic,Portrait,23,22,74
She was gifted with an instantaneous memory,DIANA ROIG,1241.1,4810,359,14,4/14/2017,Abstract,Oil,Portrait,565,37,85
Sleep,Alexander Dodon,2403.96,8700,55,4,4/14/2017,Nude,Oil,Landscape,9,31,54
Cold War Interceptor,Karl Hamilton-Cox,208.86,790,73,0,4/14/2017,Aeroplane,Acrylic,Landscape,23,22,74
Family Portrait Of My Paintings,DIANA ROIG,5453.4,11000,3474,44,4/14/2017,Nature,Oil,Landscape,565,37,85
The Big Blues,DIANA ROIG,4651.17,8700,4945,120,4/14/2017,Nature,Oil,Portrait,565,37,85
man and fish,Alexander Dodon,2328.54,8700,81,7,4/14/2017,Men,Oil,Portrait,9,31,54
Source of the house of Sorolla,Tomas Castano,556.96,3750,50,2,4/14/2017,Garden,Oil,Square,116,49,267
Pescesauro,Stefania Puntaroli,543.72,740,1849,18,4/14/2017,Fantasy,Pencil,Portrait,69,69,113
Molli Maloness Pub in Leon Spain,Tomas Castano,816.64,3250,212,3,4/14/2017,Architecture,Oil,Landscape,116,49,267
Eremurus or Fox Tail Lily,Lisa Goesling,144,830,150,7,4/20/2017,Botanic,Clay,Landscape,6,4,11
